{"cameraMode":{"drawMode":0,"name":"Shaded","section":"Shading Mode"},"sceneLighting":true,"audioPlay":false,"sceneViewState":{"showFog":true,"showMaterialUpdate":false,"showSkybox":true,"showFlares":true,"showImageEffects":true,"showParticleSystems":true},"in2DMode":false,"pivot":{"x":-11.086647033691407,"y":1.52750563621521,"z":1.99101722240448},"rotation":{"x":0.18438108265399934,"y":-0.39429765939712527,"z":0.08109936118125916,"w":0.8966690301895142},"size":15.06892204284668,"orthographic":false}