{"cameraMode":{"drawMode":0,"name":"Shaded","section":"Shading Mode"},"sceneLighting":true,"audioPlay":false,"sceneViewState":{"showFog":true,"showMaterialUpdate":false,"showSkybox":true,"showFlares":true,"showImageEffects":true,"showParticleSystems":true},"in2DMode":false,"pivot":{"x":224.833251953125,"y":-423.8075256347656,"z":-1087.1763916015625},"rotation":{"x":-0.018728185445070268,"y":-0.9779730439186096,"z":0.18190543353557588,"w":-0.1006779819726944},"size":600.8258056640625,"orthographic":false}