{"cameraMode":{"drawMode":0,"name":"Shaded","section":"Shading Mode"},"sceneLighting":true,"audioPlay":false,"sceneViewState":{"showFog":true,"showMaterialUpdate":false,"showSkybox":true,"showFlares":true,"showImageEffects":true,"showParticleSystems":true},"in2DMode":false,"pivot":{"x":-2.4601123332977297,"y":-123.84451293945313,"z":-556.511962890625},"rotation":{"x":0.004633022006601095,"y":0.9627715349197388,"z":-0.26988837122917178,"w":0.016445454210042955},"size":445.326171875,"orthographic":false}