{"cameraMode":{"drawMode":0,"name":"Shaded","section":"Shading Mode"},"sceneLighting":true,"audioPlay":false,"sceneViewState":{"showFog":true,"showMaterialUpdate":false,"showSkybox":true,"showFlares":true,"showImageEffects":true,"showParticleSystems":true},"in2DMode":false,"pivot":{"x":29.32051658630371,"y":-32.546142578125,"z":-51.678993225097659},"rotation":{"x":-0.08731602132320404,"y":-0.9077034592628479,"z":0.23604364693164826,"w":-0.3357778489589691},"size":69.3487548828125,"orthographic":false}