{"cameraMode":{"drawMode":0,"name":"Shaded","section":"Shading Mode"},"sceneLighting":true,"audioPlay":false,"sceneViewState":{"m_AlwaysRefresh":false,"showFog":true,"showSkybox":true,"showFlares":true,"showImageEffects":true,"showParticleSystems":true,"showVisualEffectGraphs":true,"m_FxEnabled":true},"in2DMode":false,"pivot":{"x":-7.163772106170654,"y":6.327035903930664,"z":-2.5673789978027345},"rotation":{"x":0.0019562519155442716,"y":0.923529863357544,"z":-0.38352611660957339,"w":0.004730198998004198},"size":12.051012992858887,"orthographic":false}